<?xml version="1.0" encoding="UTF-8"?>
<project-private xmlns="http://www.netbeans.org/ns/project-private/1">
    <editor-bookmarks xmlns="http://www.netbeans.org/ns/editor-bookmarks/2" lastBookmarkId="0"/>
    <open-files xmlns="http://www.netbeans.org/ns/projectui-open-files/2">
        <group>
            <file>file:/C:/Users/matte/Dropbox/BTH/Kurser/DV2557%20-%20Tillämpad%20artificiell%20intelligens/Assignment%202/WumpusWorld/src/wumpusworld/QConfig.java</file>
            <file>file:/C:/Users/matte/Dropbox/BTH/Kurser/DV2557%20-%20Tillämpad%20artificiell%20intelligens/Assignment%202/WumpusWorld/src/wumpusworld/GUI.java</file>
            <file>file:/C:/Users/matte/Dropbox/BTH/Kurser/DV2557%20-%20Tillämpad%20artificiell%20intelligens/Assignment%202/WumpusWorld/src/wumpusworld/World.java</file>
            <file>file:/C:/Users/matte/Dropbox/BTH/Kurser/DV2557%20-%20Tillämpad%20artificiell%20intelligens/Assignment%202/WumpusWorld/src/wumpusworld/QTable.java</file>
            <file>file:/C:/Users/matte/Dropbox/BTH/Kurser/DV2557%20-%20Tillämpad%20artificiell%20intelligens/Assignment%202/WumpusWorld/src/wumpusworld/WorldMap.java</file>
            <file>file:/C:/Users/matte/Dropbox/BTH/Kurser/DV2557%20-%20Tillämpad%20artificiell%20intelligens/Assignment%202/WumpusWorld/src/wumpusworld/MyAgent.java</file>
            <file>file:/C:/Users/matte/Dropbox/BTH/Kurser/DV2557%20-%20Tillämpad%20artificiell%20intelligens/Assignment%202/WumpusWorld/src/wumpusworld/Agent.java</file>
            <file>file:/C:/Users/matte/Dropbox/BTH/Kurser/DV2557%20-%20Tillämpad%20artificiell%20intelligens/Assignment%202/WumpusWorld/src/wumpusworld/Config.java</file>
            <file>file:/C:/Users/matte/Dropbox/BTH/Kurser/DV2557%20-%20Tillämpad%20artificiell%20intelligens/Assignment%202/WumpusWorld/src/wumpusworld/WumpusWorld.java</file>
        </group>
    </open-files>
</project-private>
